game_id,home_team,away_team,play_desc,home_score,away_score,half,secs_left_half,secs_left_reg,play_team,play_type,shooting_play,scoring_play,is_three,shooter,is_assisted,assist_player,shot_x,shot_y
401820635,Stanford Cardinal,Notre Dame Fighting Irish,Start game,0,0,1,1200,2400,,,False,False,False,,False,,,
401820635,Stanford Cardinal,Notre Dame Fighting Irish,Jump Ball won by Notre Dame,0,0,1,1199,2399,Notre Dame Fighting Irish,jump ball,False,False,False,,False,,,
401820635,Stanford Cardinal,Notre Dame Fighting Irish,Jump Ball lost by Stanford,0,0,1,1199,2399,Stanford Cardinal,jump ball,False,False,False,,False,,,
401820635,Stanford Cardinal,Notre Dame Fighting Irish,Carson Towt misses layup,0,0,1,1183,2383,Notre Dame Fighting Irish,,False,False,False,,False,,,
401820635,Stanford Cardinal,Notre Dame Fighting Irish,Carson Towt Offensive Rebound.,0,0,1,1183,2383,Notre Dame Fighting Irish,rebound,False,False,False,,False,,,
401820635,Stanford Cardinal,Notre Dame Fighting Irish,Carson Towt makes 0-foot tip in layup,0,2,1,1183,2383,Notre Dame Fighting Irish,,False,True,False,Carson Towt makes 0-foot tip in layup,False,,,
401820635,Stanford Cardinal,Notre Dame Fighting Irish,Chisom Okpara makes 2-foot dunk,2,2,1,1143,2343,Stanford Cardinal,,False,True,False,Chisom Okpara makes 2-foot dunk,False,,,
401820635,Stanford Cardinal,Notre Dame Fighting Irish,Carson Towt makes layup (Garrett Sundra assists),2,4,1,1112,2312,Notre Dame Fighting Irish,,False,True,False,Carson Towt makes layup (Garrett Sundra assists),False,,,
401820635,Stanford Cardinal,Notre Dame Fighting Irish,Benny Gealer makes layup (Ryan Agarwal assists),4,4,1,1096,2296,Stanford Cardinal,,False,True,False,Benny Gealer makes layup (Ryan Agarwal assists),False,,,
401820635,Stanford Cardinal,Notre Dame Fighting Irish,Carson Towt misses 8-foot floating jump shot,4,4,1,1076,2276,Notre Dame Fighting Irish,,False,False,False,,False,,,
401820635,Stanford Cardinal,Notre Dame Fighting Irish,Ebuka Okorie Defensive Rebound.,4,4,1,1072,2272,Stanford Cardinal,rebound,False,False,False,,False,,,
401820635,Stanford Cardinal,Notre Dame Fighting Irish,Chisom Okpara out of bounds bad pass turnover,4,4,1,1070,2270,Stanford Cardinal,,False,False,False,,False,,,
401820635,Stanford Cardinal,Notre Dame Fighting Irish,Jalen Haralson traveling turnover,4,4,1,1055,2255,Notre Dame Fighting Irish,,False,False,False,,False,,,
401820635,Stanford Cardinal,Notre Dame Fighting Irish,AJ Rohosy makes layup (Chisom Okpara assists),6,4,1,1040,2240,Stanford Cardinal,,False,True,False,AJ Rohosy makes layup (Chisom Okpara assists),False,,,
401820635,Stanford Cardinal,Notre Dame Fighting Irish,Jalen Haralson misses layup,6,4,1,1032,2232,Notre Dame Fighting Irish,,False,False,False,,False,,,
401820635,Stanford Cardinal,Notre Dame Fighting Irish,Carson Towt Offensive Rebound.,6,4,1,1027,2227,Notre Dame Fighting Irish,rebound,False,False,False,,False,,,
401820635,Stanford Cardinal,Notre Dame Fighting Irish,Carson Towt misses tip in layup,6,4,1,1027,2227,Notre Dame Fighting Irish,,False,False,False,,False,,,
401820635,Stanford Cardinal,Notre Dame Fighting Irish,Chisom Okpara Defensive Rebound.,6,4,1,1026,2226,Stanford Cardinal,rebound,False,False,False,,False,,,
401820635,Stanford Cardinal,Notre Dame Fighting Irish,Chisom Okpara makes 25-foot three point step back jumpshot,9,4,1,1015,2215,Stanford Cardinal,,False,True,True,Chisom Okpara makes 25-foot three point step back jumpshot,False,,,
401820635,Stanford Cardinal,Notre Dame Fighting Irish,"Carson Towt bad pass
turnover",9,4,1,996,2196,Notre Dame Fighting Irish,,False,False,False,,False,,,
401820635,Stanford Cardinal,Notre Dame Fighting Irish,AJ Rohosy Steal.,9,4,1,996,2196,Stanford Cardinal,steal,False,False,False,,False,,,
401820635,Stanford Cardinal,Notre Dame Fighting Irish,Carson Towt subbing out for Notre Dame,9,4,1,996,2196,Notre Dame Fighting Irish,,False,False,False,,False,,,
401820635,Stanford Cardinal,Notre Dame Fighting Irish,Kebba Njie subbing in for Notre Dame,9,4,1,996,2196,Notre Dame Fighting Irish,,False,False,False,,False,,,
401820635,Stanford Cardinal,Notre Dame Fighting Irish,Foul on Garrett Sundra.,9,4,1,968,2168,Notre Dame Fighting Irish,foul,False,False,False,,False,,,
401820635,Stanford Cardinal,Notre Dame Fighting Irish,Chisom Okpara misses free throw 1 of 2,9,4,1,968,2168,Stanford Cardinal,,False,False,False,,False,,,
401820635,Stanford Cardinal,Notre Dame Fighting Irish,Stanford Deadball Team Rebound.,9,4,1,968,2168,Stanford Cardinal,rebound,False,False,False,,False,,,
401820635,Stanford Cardinal,Notre Dame Fighting Irish,AJ Rohosy subbing out for Stanford,9,4,1,968,2168,Stanford Cardinal,,False,False,False,,False,,,
401820635,Stanford Cardinal,Notre Dame Fighting Irish,Oskar Giltay subbing in for Stanford,9,4,1,968,2168,Stanford Cardinal,,False,False,False,,False,,,
401820635,Stanford Cardinal,Notre Dame Fighting Irish,Chisom Okpara makes free throw 2 of 2,10,4,1,968,2168,Stanford Cardinal,,False,True,False,Chisom Okpara makes free throw 2 of 2,False,,,
401820635,Stanford Cardinal,Notre Dame Fighting Irish,Kebba Njie makes 2-foot dunk (Garrett Sundra assists),10,6,1,953,2153,Notre Dame Fighting Irish,,False,True,False,Kebba Njie makes 2-foot dunk (Garrett Sundra assists),False,,,
401820635,Stanford Cardinal,Notre Dame Fighting Irish,Chisom Okpara misses layup,10,6,1,929,2129,Stanford Cardinal,,False,False,False,,False,,,
401820635,Stanford Cardinal,Notre Dame Fighting Irish,Kebba Njie Defensive Rebound.,10,6,1,928,2128,Notre Dame Fighting Irish,rebound,False,False,False,,False,,,
401820635,Stanford Cardinal,Notre Dame Fighting Irish,Official TV Timeout,10,6,1,928,2128,,tv timeout,False,False,False,,False,,,
401820635,Stanford Cardinal,Notre Dame Fighting Irish,Chisom Okpara subbing out for Stanford,10,6,1,928,2128,Stanford Cardinal,,False,False,False,,False,,,
401820635,Stanford Cardinal,Notre Dame Fighting Irish,Aidan Cammann subbing in for Stanford,10,6,1,928,2128,Stanford Cardinal,,False,False,False,,False,,,
401820635,Stanford Cardinal,Notre Dame Fighting Irish,Braeden Shrewsberry subbing out for Notre Dame,10,6,1,928,2128,Notre Dame Fighting Irish,,False,False,False,,False,,,
401820635,Stanford Cardinal,Notre Dame Fighting Irish,Garrett Sundra subbing out for Notre Dame,10,6,1,928,2128,Notre Dame Fighting Irish,,False,False,False,,False,,,
401820635,Stanford Cardinal,Notre Dame Fighting Irish,Cole Certa subbing in for Notre Dame,10,6,1,928,2128,Notre Dame Fighting Irish,,False,False,False,,False,,,
401820635,Stanford Cardinal,Notre Dame Fighting Irish,Brady Koehler subbing in for Notre Dame,10,6,1,928,2128,Notre Dame Fighting Irish,,False,False,False,,False,,,
401820635,Stanford Cardinal,Notre Dame Fighting Irish,Jalen Haralson misses layup,10,6,1,910,2110,Notre Dame Fighting Irish,,False,False,False,,False,,,
401820635,Stanford Cardinal,Notre Dame Fighting Irish,Notre Dame Offensive Rebound.,10,6,1,909,2109,Notre Dame Fighting Irish,rebound,False,False,False,,False,,,
401820635,Stanford Cardinal,Notre Dame Fighting Irish,"Jalen Haralson bad pass
turnover",10,6,1,907,2107,Notre Dame Fighting Irish,,False,False,False,,False,,,
401820635,Stanford Cardinal,Notre Dame Fighting Irish,Oskar Giltay Steal.,10,6,1,907,2107,Stanford Cardinal,steal,False,False,False,,False,,,
401820635,Stanford Cardinal,Notre Dame Fighting Irish,Benny Gealer misses 25-foot three point jumper,10,6,1,902,2102,Stanford Cardinal,,False,False,True,,False,,,
401820635,Stanford Cardinal,Notre Dame Fighting Irish,Kebba Njie Defensive Rebound.,10,6,1,900,2100,Notre Dame Fighting Irish,rebound,False,False,False,,False,,,
401820635,Stanford Cardinal,Notre Dame Fighting Irish,Jalen Haralson misses 6-foot turnaround jump shot,10,6,1,877,2077,Notre Dame Fighting Irish,,False,False,False,,False,,,
401820635,Stanford Cardinal,Notre Dame Fighting Irish,Jalen Haralson Offensive Rebound.,10,6,1,872,2072,Notre Dame Fighting Irish,rebound,False,False,False,,False,,,
401820635,Stanford Cardinal,Notre Dame Fighting Irish,Jalen Haralson makes 0-foot tip in layup,10,8,1,872,2072,Notre Dame Fighting Irish,,False,True,False,Jalen Haralson makes 0-foot tip in layup,False,,,
401820635,Stanford Cardinal,Notre Dame Fighting Irish,Ebuka Okorie misses 25-foot three point jumper,10,8,1,863,2063,Stanford Cardinal,,False,False,True,,False,,,
401820635,Stanford Cardinal,Notre Dame Fighting Irish,Brady Koehler Defensive Rebound.,10,8,1,860,2060,Notre Dame Fighting Irish,rebound,False,False,False,,False,,,
401820635,Stanford Cardinal,Notre Dame Fighting Irish,Foul on Benny Gealer.,10,8,1,857,2057,Stanford Cardinal,foul,False,False,False,,False,,,
401820635,Stanford Cardinal,Notre Dame Fighting Irish,Benny Gealer subbing out for Stanford,10,8,1,857,2057,Stanford Cardinal,,False,False,False,,False,,,
401820635,Stanford Cardinal,Notre Dame Fighting Irish,Ryan Agarwal subbing out for Stanford,10,8,1,857,2057,Stanford Cardinal,,False,False,False,,False,,,
401820635,Stanford Cardinal,Notre Dame Fighting Irish,Donavin Young subbing in for Stanford,10,8,1,857,2057,Stanford Cardinal,,False,False,False,,False,,,
401820635,Stanford Cardinal,Notre Dame Fighting Irish,Jeremy Dent-Smith subbing in for Stanford,10,8,1,857,2057,Stanford Cardinal,,False,False,False,,False,,,
401820635,Stanford Cardinal,Notre Dame Fighting Irish,Jalen Haralson subbing out for Notre Dame,10,8,1,857,2057,Notre Dame Fighting Irish,,False,False,False,,False,,,
401820635,Stanford Cardinal,Notre Dame Fighting Irish,Sir Mohammed subbing in for Notre Dame,10,8,1,857,2057,Notre Dame Fighting Irish,,False,False,False,,False,,,
401820635,Stanford Cardinal,Notre Dame Fighting Irish,Brady Koehler misses layup,10,8,1,857,2057,Notre Dame Fighting Irish,,False,False,False,,False,,,
401820635,Stanford Cardinal,Notre Dame Fighting Irish,Oskar Giltay Defensive Rebound.,10,8,1,857,2057,Stanford Cardinal,rebound,False,False,False,,False,,,
401820635,Stanford Cardinal,Notre Dame Fighting Irish,Jeremy Dent-Smith misses 31-foot three point jumper,10,8,1,825,2025,Stanford Cardinal,,False,False,True,,False,,,
401820635,Stanford Cardinal,Notre Dame Fighting Irish,Oskar Giltay Offensive Rebound.,10,8,1,825,2025,Stanford Cardinal,rebound,False,False,False,,False,,,
401820635,Stanford Cardinal,Notre Dame Fighting Irish,Ebuka Okorie misses 25-foot three point jumper,10,8,1,794,1994,Stanford Cardinal,,False,False,True,,False,,,
401820635,Stanford Cardinal,Notre Dame Fighting Irish,Stanford Deadball Team Rebound.,10,8,1,794,1994,Stanford Cardinal,rebound,False,False,False,,False,,,
401820635,Stanford Cardinal,Notre Dame Fighting Irish,Foul on Donavin Young.,10,8,1,794,1994,Stanford Cardinal,foul,False,False,False,,False,,,
401820635,Stanford Cardinal,Notre Dame Fighting Irish,Brady Koehler subbing out for Notre Dame,10,8,1,794,1994,Notre Dame Fighting Irish,,False,False,False,,False,,,
401820635,Stanford Cardinal,Notre Dame Fighting Irish,Kebba Njie subbing out for Notre Dame,10,8,1,794,1994,Notre Dame Fighting Irish,,False,False,False,,False,,,
401820635,Stanford Cardinal,Notre Dame Fighting Irish,Garrett Sundra subbing in for Notre Dame,10,8,1,794,1994,Notre Dame Fighting Irish,,False,False,False,,False,,,
401820635,Stanford Cardinal,Notre Dame Fighting Irish,Carson Towt subbing in for Notre Dame,10,8,1,794,1994,Notre Dame Fighting Irish,,False,False,False,,False,,,
401820635,Stanford Cardinal,Notre Dame Fighting Irish,Donavin Young turnover,10,8,1,794,1994,Stanford Cardinal,,False,False,False,,False,,,
401820635,Stanford Cardinal,Notre Dame Fighting Irish,Sir Mohammed misses 4-foot jumper,10,8,1,780,1980,Notre Dame Fighting Irish,,False,False,False,,False,,,
401820635,Stanford Cardinal,Notre Dame Fighting Irish,Carson Towt Offensive Rebound.,10,8,1,777,1977,Notre Dame Fighting Irish,rebound,False,False,False,,False,,,
401820635,Stanford Cardinal,Notre Dame Fighting Irish,Cole Certa misses 24-foot three point jumper,10,8,1,766,1966,Notre Dame Fighting Irish,,False,False,True,,False,,,
401820635,Stanford Cardinal,Notre Dame Fighting Irish,Ebuka Okorie Defensive Rebound.,10,8,1,763,1963,Stanford Cardinal,rebound,False,False,False,,False,,,
401820635,Stanford Cardinal,Notre Dame Fighting Irish,Ebuka Okorie subbing out for Stanford,10,8,1,744,1944,Stanford Cardinal,,False,False,False,,False,,,
401820635,Stanford Cardinal,Notre Dame Fighting Irish,Oskar Giltay subbing out for Stanford,10,8,1,744,1944,Stanford Cardinal,,False,False,False,,False,,,
401820635,Stanford Cardinal,Notre Dame Fighting Irish,Benny Gealer subbing in for Stanford,10,8,1,744,1944,Stanford Cardinal,,False,False,False,,False,,,
401820635,Stanford Cardinal,Notre Dame Fighting Irish,Chisom Okpara subbing in for Stanford,10,8,1,744,1944,Stanford Cardinal,,False,False,False,,False,,,
401820635,Stanford Cardinal,Notre Dame Fighting Irish,Logan Imes subbing out for Notre Dame,10,8,1,744,1944,Notre Dame Fighting Irish,,False,False,False,,False,,,
401820635,Stanford Cardinal,Notre Dame Fighting Irish,Braeden Shrewsberry subbing in for Notre Dame,10,8,1,744,1944,Notre Dame Fighting Irish,,False,False,False,,False,,,
401820635,Stanford Cardinal,Notre Dame Fighting Irish,"Chisom Okpara bad pass
turnover",10,8,1,744,1944,Stanford Cardinal,,False,False,False,,False,,,
401820635,Stanford Cardinal,Notre Dame Fighting Irish,Carson Towt Steal.,10,8,1,744,1944,Notre Dame Fighting Irish,steal,False,False,False,,False,,,
401820635,Stanford Cardinal,Notre Dame Fighting Irish,Carson Towt makes 3-foot hook shot,10,10,1,711,1911,Notre Dame Fighting Irish,,False,True,False,Carson Towt makes 3-foot hook shot,False,,,
401820635,Stanford Cardinal,Notre Dame Fighting Irish,Chisom Okpara misses 4-foot jumper,10,10,1,686,1886,Stanford Cardinal,,False,False,False,,False,,,
401820635,Stanford Cardinal,Notre Dame Fighting Irish,Carson Towt Defensive Rebound.,10,10,1,682,1882,Notre Dame Fighting Irish,rebound,False,False,False,,False,,,
401820635,Stanford Cardinal,Notre Dame Fighting Irish,Braeden Shrewsberry misses layup,10,10,1,679,1879,Notre Dame Fighting Irish,,False,False,False,,False,,,
401820635,Stanford Cardinal,Notre Dame Fighting Irish,Carson Towt Offensive Rebound.,10,10,1,675,1875,Notre Dame Fighting Irish,rebound,False,False,False,,False,,,
401820635,Stanford Cardinal,Notre Dame Fighting Irish,Official TV Timeout,10,10,1,671,1871,,tv timeout,False,False,False,,False,,,
401820635,Stanford Cardinal,Notre Dame Fighting Irish,Donavin Young subbing out for Stanford,10,10,1,671,1871,Stanford Cardinal,,False,False,False,,False,,,
401820635,Stanford Cardinal,Notre Dame Fighting Irish,Ryan Agarwal subbing in for Stanford,10,10,1,671,1871,Stanford Cardinal,,False,False,False,,False,,,
401820635,Stanford Cardinal,Notre Dame Fighting Irish,Cole Certa subbing out for Notre Dame,10,10,1,671,1871,Notre Dame Fighting Irish,,False,False,False,,False,,,
401820635,Stanford Cardinal,Notre Dame Fighting Irish,Carson Towt subbing out for Notre Dame,10,10,1,671,1871,Notre Dame Fighting Irish,,False,False,False,,False,,,
401820635,Stanford Cardinal,Notre Dame Fighting Irish,Kebba Njie subbing in for Notre Dame,10,10,1,671,1871,Notre Dame Fighting Irish,,False,False,False,,False,,,
401820635,Stanford Cardinal,Notre Dame Fighting Irish,Mark Zackery IV subbing in for Notre Dame,10,10,1,671,1871,Notre Dame Fighting Irish,,False,False,False,,False,,,
401820635,Stanford Cardinal,Notre Dame Fighting Irish,Mark Zackery IV misses 26-foot three point jumper,10,10,1,658,1858,Notre Dame Fighting Irish,,False,False,True,,False,,,
401820635,Stanford Cardinal,Notre Dame Fighting Irish,Jeremy Dent-Smith Block.,10,10,1,658,1858,Stanford Cardinal,block,False,False,False,,False,,,
401820635,Stanford Cardinal,Notre Dame Fighting Irish,Jeremy Dent-Smith Defensive Rebound.,10,10,1,651,1851,Stanford Cardinal,rebound,False,False,False,,False,,,
401820635,Stanford Cardinal,Notre Dame Fighting Irish,Jeremy Dent-Smith misses layup,10,10,1,650,1850,Stanford Cardinal,,False,False,False,,False,,,
401820635,Stanford Cardinal,Notre Dame Fighting Irish,Braeden Shrewsberry Block.,10,10,1,650,1850,Notre Dame Fighting Irish,block,False,False,False,,False,,,
401820635,Stanford Cardinal,Notre Dame Fighting Irish,Sir Mohammed Defensive Rebound.,10,10,1,649,1849,Notre Dame Fighting Irish,rebound,False,False,False,,False,,,
401820635,Stanford Cardinal,Notre Dame Fighting Irish,Sir Mohammed turnover,10,10,1,649,1849,Notre Dame Fighting Irish,,False,False,False,,False,,,
401820635,Stanford Cardinal,Notre Dame Fighting Irish,Chisom Okpara misses 24-foot three point jumper,10,10,1,631,1831,Stanford Cardinal,,False,False,True,,False,,,
401820635,Stanford Cardinal,Notre Dame Fighting Irish,Garrett Sundra Defensive Rebound.,10,10,1,627,1827,Notre Dame Fighting Irish,rebound,False,False,False,,False,,,
401820635,Stanford Cardinal,Notre Dame Fighting Irish,Sir Mohammed misses layup,10,10,1,602,1802,Notre Dame Fighting Irish,,False,False,False,,False,,,
401820635,Stanford Cardinal,Notre Dame Fighting Irish,Kebba Njie Offensive Rebound.,10,10,1,598,1798,Notre Dame Fighting Irish,rebound,False,False,False,,False,,,
401820635,Stanford Cardinal,Notre Dame Fighting Irish,Kebba Njie makes 0-foot tip in layup,10,12,1,598,1798,Notre Dame Fighting Irish,,False,True,False,Kebba Njie makes 0-foot tip in layup,False,,,
401820635,Stanford Cardinal,Notre Dame Fighting Irish,Jeremy Dent-Smith misses 26-foot three point jumper,10,12,1,581,1781,Stanford Cardinal,,False,False,True,,False,,,
401820635,Stanford Cardinal,Notre Dame Fighting Irish,Kebba Njie Defensive Rebound.,10,12,1,577,1777,Notre Dame Fighting Irish,rebound,False,False,False,,False,,,
401820635,Stanford Cardinal,Notre Dame Fighting Irish,Sir Mohammed misses 5-foot hook shot,10,12,1,564,1764,Notre Dame Fighting Irish,,False,False,False,,False,,,
401820635,Stanford Cardinal,Notre Dame Fighting Irish,Jeremy Dent-Smith Defensive Rebound.,10,12,1,563,1763,Stanford Cardinal,rebound,False,False,False,,False,,,
401820635,Stanford Cardinal,Notre Dame Fighting Irish,Foul on Sir Mohammed.,10,12,1,563,1763,Notre Dame Fighting Irish,foul,False,False,False,,False,,,
401820635,Stanford Cardinal,Notre Dame Fighting Irish,Jeremy Dent-Smith subbing out for Stanford,10,12,1,563,1763,Stanford Cardinal,,False,False,False,,False,,,
401820635,Stanford Cardinal,Notre Dame Fighting Irish,Aidan Cammann subbing out for Stanford,10,12,1,563,1763,Stanford Cardinal,,False,False,False,,False,,,
401820635,Stanford Cardinal,Notre Dame Fighting Irish,Ebuka Okorie subbing in for Stanford,10,12,1,563,1763,Stanford Cardinal,,False,False,False,,False,,,
401820635,Stanford Cardinal,Notre Dame Fighting Irish,AJ Rohosy subbing in for Stanford,10,12,1,563,1763,Stanford Cardinal,,False,False,False,,False,,,
401820635,Stanford Cardinal,Notre Dame Fighting Irish,Sir Mohammed subbing out for Notre Dame,10,12,1,563,1763,Notre Dame Fighting Irish,,False,False,False,,False,,,
401820635,Stanford Cardinal,Notre Dame Fighting Irish,Jalen Haralson subbing in for Notre Dame,10,12,1,563,1763,Notre Dame Fighting Irish,,False,False,False,,False,,,
401820635,Stanford Cardinal,Notre Dame Fighting Irish,AJ Rohosy misses layup,10,12,1,545,1745,Stanford Cardinal,,False,False,False,,False,,,
401820635,Stanford Cardinal,Notre Dame Fighting Irish,Kebba Njie Defensive Rebound.,10,12,1,541,1741,Notre Dame Fighting Irish,rebound,False,False,False,,False,,,
401820635,Stanford Cardinal,Notre Dame Fighting Irish,Braeden Shrewsberry misses 25-foot three point jumper,10,12,1,534,1734,Notre Dame Fighting Irish,,False,False,True,,False,,,
401820635,Stanford Cardinal,Notre Dame Fighting Irish,Mark Zackery IV Offensive Rebound.,10,12,1,531,1731,Notre Dame Fighting Irish,rebound,False,False,False,,False,,,
401820635,Stanford Cardinal,Notre Dame Fighting Irish,Jalen Haralson makes layup,10,14,1,523,1723,Notre Dame Fighting Irish,,False,True,False,Jalen Haralson makes layup,False,,,
401820635,Stanford Cardinal,Notre Dame Fighting Irish,Foul on Ryan Agarwal.,10,14,1,523,1723,Stanford Cardinal,foul,False,False,False,,False,,,
401820635,Stanford Cardinal,Notre Dame Fighting Irish,Ryan Agarwal subbing out for Stanford,10,14,1,523,1723,Stanford Cardinal,,False,False,False,,False,,,
401820635,Stanford Cardinal,Notre Dame Fighting Irish,Aidan Cammann subbing in for Stanford,10,14,1,523,1723,Stanford Cardinal,,False,False,False,,False,,,
401820635,Stanford Cardinal,Notre Dame Fighting Irish,Jalen Haralson misses free throw 1 of 1,10,14,1,523,1723,Notre Dame Fighting Irish,,False,False,False,,False,,,
401820635,Stanford Cardinal,Notre Dame Fighting Irish,Benny Gealer Defensive Rebound.,10,14,1,520,1720,Stanford Cardinal,rebound,False,False,False,,False,,,
401820635,Stanford Cardinal,Notre Dame Fighting Irish,Aidan Cammann makes 3-foot hook shot (AJ Rohosy assists),12,14,1,499,1699,Stanford Cardinal,,False,True,False,Aidan Cammann makes 3-foot hook shot (AJ Rohosy assists),False,,,
401820635,Stanford Cardinal,Notre Dame Fighting Irish,Braeden Shrewsberry misses 12-foot jumper,12,14,1,474,1674,Notre Dame Fighting Irish,,False,False,False,,False,,,
401820635,Stanford Cardinal,Notre Dame Fighting Irish,Garrett Sundra Offensive Rebound.,12,14,1,470,1670,Notre Dame Fighting Irish,rebound,False,False,False,,False,,,
401820635,Stanford Cardinal,Notre Dame Fighting Irish,Garrett Sundra makes 0-foot tip in layup,12,16,1,470,1670,Notre Dame Fighting Irish,,False,True,False,Garrett Sundra makes 0-foot tip in layup,False,,,
401820635,Stanford Cardinal,Notre Dame Fighting Irish,Ebuka Okorie misses 26-foot three point step back jumpshot,12,16,1,463,1663,Stanford Cardinal,,False,False,True,,False,,,
401820635,Stanford Cardinal,Notre Dame Fighting Irish,Jalen Haralson Defensive Rebound.,12,16,1,459,1659,Notre Dame Fighting Irish,rebound,False,False,False,,False,,,
401820635,Stanford Cardinal,Notre Dame Fighting Irish,Foul on Aidan Cammann.,12,16,1,433,1633,Stanford Cardinal,foul,False,False,False,,False,,,
401820635,Stanford Cardinal,Notre Dame Fighting Irish,Official TV Timeout,12,16,1,433,1633,,tv timeout,False,False,False,,False,,,
401820635,Stanford Cardinal,Notre Dame Fighting Irish,Aidan Cammann subbing out for Stanford,12,16,1,433,1633,Stanford Cardinal,,False,False,False,,False,,,
401820635,Stanford Cardinal,Notre Dame Fighting Irish,Oskar Giltay subbing in for Stanford,12,16,1,433,1633,Stanford Cardinal,,False,False,False,,False,,,
401820635,Stanford Cardinal,Notre Dame Fighting Irish,Kebba Njie subbing out for Notre Dame,12,16,1,433,1633,Notre Dame Fighting Irish,,False,False,False,,False,,,
401820635,Stanford Cardinal,Notre Dame Fighting Irish,Mark Zackery IV subbing out for Notre Dame,12,16,1,433,1633,Notre Dame Fighting Irish,,False,False,False,,False,,,
401820635,Stanford Cardinal,Notre Dame Fighting Irish,Logan Imes subbing in for Notre Dame,12,16,1,433,1633,Notre Dame Fighting Irish,,False,False,False,,False,,,
401820635,Stanford Cardinal,Notre Dame Fighting Irish,Carson Towt subbing in for Notre Dame,12,16,1,433,1633,Notre Dame Fighting Irish,,False,False,False,,False,,,
401820635,Stanford Cardinal,Notre Dame Fighting Irish,Jalen Haralson makes free throw 1 of 2,12,17,1,433,1633,Notre Dame Fighting Irish,,False,True,False,Jalen Haralson makes free throw 1 of 2,False,,,
401820635,Stanford Cardinal,Notre Dame Fighting Irish,Jalen Haralson misses free throw 2 of 2,12,17,1,433,1633,Notre Dame Fighting Irish,,False,False,False,,False,,,
401820635,Stanford Cardinal,Notre Dame Fighting Irish,Oskar Giltay Defensive Rebound.,12,17,1,430,1630,Stanford Cardinal,rebound,False,False,False,,False,,,
401820635,Stanford Cardinal,Notre Dame Fighting Irish,"Ebuka Okorie bad pass
turnover",12,17,1,402,1602,Stanford Cardinal,,False,False,False,,False,,,
401820635,Stanford Cardinal,Notre Dame Fighting Irish,Carson Towt Steal.,12,17,1,402,1602,Notre Dame Fighting Irish,steal,False,False,False,,False,,,
401820635,Stanford Cardinal,Notre Dame Fighting Irish,Foul on Chisom Okpara.,12,17,1,378,1578,Stanford Cardinal,foul,False,False,False,,False,,,
401820635,Stanford Cardinal,Notre Dame Fighting Irish,Braeden Shrewsberry subbing out for Notre Dame,12,17,1,378,1578,Notre Dame Fighting Irish,,False,False,False,,False,,,
401820635,Stanford Cardinal,Notre Dame Fighting Irish,Cole Certa subbing in for Notre Dame,12,17,1,378,1578,Notre Dame Fighting Irish,,False,False,False,,False,,,
401820635,Stanford Cardinal,Notre Dame Fighting Irish,"Jalen Haralson bad pass
turnover",12,17,1,367,1567,Notre Dame Fighting Irish,,False,False,False,,False,,,
401820635,Stanford Cardinal,Notre Dame Fighting Irish,Ebuka Okorie makes layup (Benny Gealer assists),14,17,1,362,1562,Stanford Cardinal,,False,True,False,Ebuka Okorie makes layup (Benny Gealer assists),False,,,
401820635,Stanford Cardinal,Notre Dame Fighting Irish,Foul on Chisom Okpara.,14,17,1,342,1542,Stanford Cardinal,foul,False,False,False,,False,,,
401820635,Stanford Cardinal,Notre Dame Fighting Irish,Chisom Okpara subbing out for Stanford,14,17,1,342,1542,Stanford Cardinal,,False,False,False,,False,,,
401820635,Stanford Cardinal,Notre Dame Fighting Irish,Donavin Young subbing in for Stanford,14,17,1,342,1542,Stanford Cardinal,,False,False,False,,False,,,
401820635,Stanford Cardinal,Notre Dame Fighting Irish,Jalen Haralson misses 23-foot three point jumper,14,17,1,323,1523,Notre Dame Fighting Irish,,False,False,True,,False,,,
401820635,Stanford Cardinal,Notre Dame Fighting Irish,Donavin Young Defensive Rebound.,14,17,1,318,1518,Stanford Cardinal,rebound,False,False,False,,False,,,
401820635,Stanford Cardinal,Notre Dame Fighting Irish,Foul on Cole Certa.,14,17,1,313,1513,Notre Dame Fighting Irish,foul,False,False,False,,False,,,
401820635,Stanford Cardinal,Notre Dame Fighting Irish,Donavin Young misses 23-foot three point jumper,14,17,1,304,1504,Stanford Cardinal,,False,False,True,,False,,,
401820635,Stanford Cardinal,Notre Dame Fighting Irish,Notre Dame Defensive Rebound.,14,17,1,301,1501,Notre Dame Fighting Irish,rebound,False,False,False,,False,,,
401820635,Stanford Cardinal,Notre Dame Fighting Irish,Foul on Benny Gealer.,14,17,1,282,1482,Stanford Cardinal,foul,False,False,False,,False,,,
401820635,Stanford Cardinal,Notre Dame Fighting Irish,Cole Certa makes free throw 1 of 3,14,18,1,282,1482,Notre Dame Fighting Irish,,False,True,False,Cole Certa makes free throw 1 of 3,False,,,
401820635,Stanford Cardinal,Notre Dame Fighting Irish,Cole Certa makes free throw 2 of 3,14,19,1,282,1482,Notre Dame Fighting Irish,,False,True,False,Cole Certa makes free throw 2 of 3,False,,,
401820635,Stanford Cardinal,Notre Dame Fighting Irish,Benny Gealer subbing out for Stanford,14,19,1,282,1482,Stanford Cardinal,,False,False,False,,False,,,
401820635,Stanford Cardinal,Notre Dame Fighting Irish,Jeremy Dent-Smith subbing in for Stanford,14,19,1,282,1482,Stanford Cardinal,,False,False,False,,False,,,
401820635,Stanford Cardinal,Notre Dame Fighting Irish,Jalen Haralson subbing out for Notre Dame,14,19,1,282,1482,Notre Dame Fighting Irish,,False,False,False,,False,,,
401820635,Stanford Cardinal,Notre Dame Fighting Irish,Sir Mohammed subbing in for Notre Dame,14,19,1,282,1482,Notre Dame Fighting Irish,,False,False,False,,False,,,
401820635,Stanford Cardinal,Notre Dame Fighting Irish,Cole Certa makes free throw 3 of 3,14,20,1,282,1482,Notre Dame Fighting Irish,,False,True,False,Cole Certa makes free throw 3 of 3,False,,,
401820635,Stanford Cardinal,Notre Dame Fighting Irish,AJ Rohosy misses layup,14,20,1,269,1469,Stanford Cardinal,,False,False,False,,False,,,
401820635,Stanford Cardinal,Notre Dame Fighting Irish,Sir Mohammed Defensive Rebound.,14,20,1,265,1465,Notre Dame Fighting Irish,rebound,False,False,False,,False,,,
401820635,Stanford Cardinal,Notre Dame Fighting Irish,Logan Imes misses layup,14,20,1,259,1459,Notre Dame Fighting Irish,,False,False,False,,False,,,
401820635,Stanford Cardinal,Notre Dame Fighting Irish,Oskar Giltay Block.,14,20,1,259,1459,Stanford Cardinal,block,False,False,False,,False,,,
401820635,Stanford Cardinal,Notre Dame Fighting Irish,Notre Dame Offensive Rebound.,14,20,1,258,1458,Notre Dame Fighting Irish,rebound,False,False,False,,False,,,
401820635,Stanford Cardinal,Notre Dame Fighting Irish,Official TV Timeout,14,20,1,258,1458,,tv timeout,False,False,False,,False,,,
401820635,Stanford Cardinal,Notre Dame Fighting Irish,Stanford Coach's Challenge (Overturned) Stanford retain their timeout,14,20,1,258,1458,Stanford Cardinal,,False,False,False,,False,,,
401820635,Stanford Cardinal,Notre Dame Fighting Irish,Stanford Timeout,14,20,1,258,1458,Stanford Cardinal,timeout,False,False,False,,False,,,
401820635,Stanford Cardinal,Notre Dame Fighting Irish,AJ Rohosy subbing out for Stanford,14,20,1,258,1458,Stanford Cardinal,,False,False,False,,False,,,
401820635,Stanford Cardinal,Notre Dame Fighting Irish,Ryan Agarwal subbing in for Stanford,14,20,1,258,1458,Stanford Cardinal,,False,False,False,,False,,,
401820635,Stanford Cardinal,Notre Dame Fighting Irish,Garrett Sundra subbing out for Notre Dame,14,20,1,258,1458,Notre Dame Fighting Irish,,False,False,False,,False,,,
401820635,Stanford Cardinal,Notre Dame Fighting Irish,Brady Koehler subbing in for Notre Dame,14,20,1,258,1458,Notre Dame Fighting Irish,,False,False,False,,False,,,
401820635,Stanford Cardinal,Notre Dame Fighting Irish,Cole Certa misses 24-foot three point jumper,14,20,1,249,1449,Notre Dame Fighting Irish,,False,False,True,,False,,,
401820635,Stanford Cardinal,Notre Dame Fighting Irish,Logan Imes Offensive Rebound.,14,20,1,246,1446,Notre Dame Fighting Irish,rebound,False,False,False,,False,,,
401820635,Stanford Cardinal,Notre Dame Fighting Irish,Sir Mohammed misses layup,14,20,1,242,1442,Notre Dame Fighting Irish,,False,False,False,,False,,,
401820635,Stanford Cardinal,Notre Dame Fighting Irish,Oskar Giltay Defensive Rebound.,14,20,1,241,1441,Stanford Cardinal,rebound,False,False,False,,False,,,
401820635,Stanford Cardinal,Notre Dame Fighting Irish,Foul on Carson Towt.,14,20,1,241,1441,Notre Dame Fighting Irish,foul,False,False,False,,False,,,
401820635,Stanford Cardinal,Notre Dame Fighting Irish,Donavin Young subbing out for Stanford,14,20,1,241,1441,Stanford Cardinal,,False,False,False,,False,,,
401820635,Stanford Cardinal,Notre Dame Fighting Irish,Cameron Grant subbing in for Stanford,14,20,1,241,1441,Stanford Cardinal,,False,False,False,,False,,,
401820635,Stanford Cardinal,Notre Dame Fighting Irish,Carson Towt subbing out for Notre Dame,14,20,1,241,1441,Notre Dame Fighting Irish,,False,False,False,,False,,,
401820635,Stanford Cardinal,Notre Dame Fighting Irish,Kebba Njie subbing in for Notre Dame,14,20,1,241,1441,Notre Dame Fighting Irish,,False,False,False,,False,,,
401820635,Stanford Cardinal,Notre Dame Fighting Irish,Oskar Giltay misses layup,14,20,1,220,1420,Stanford Cardinal,,False,False,False,,False,,,
401820635,Stanford Cardinal,Notre Dame Fighting Irish,Kebba Njie Block.,14,20,1,220,1420,Notre Dame Fighting Irish,block,False,False,False,,False,,,
401820635,Stanford Cardinal,Notre Dame Fighting Irish,Sir Mohammed Defensive Rebound.,14,20,1,216,1416,Notre Dame Fighting Irish,rebound,False,False,False,,False,,,
401820635,Stanford Cardinal,Notre Dame Fighting Irish,Sir Mohammed misses layup,14,20,1,205,1405,Notre Dame Fighting Irish,,False,False,False,,False,,,
401820635,Stanford Cardinal,Notre Dame Fighting Irish,Sir Mohammed Offensive Rebound.,14,20,1,199,1399,Notre Dame Fighting Irish,rebound,False,False,False,,False,,,
401820635,Stanford Cardinal,Notre Dame Fighting Irish,"Sir Mohammed bad pass
turnover",14,20,1,198,1398,Notre Dame Fighting Irish,,False,False,False,,False,,,
401820635,Stanford Cardinal,Notre Dame Fighting Irish,Oskar Giltay Steal.,14,20,1,198,1398,Stanford Cardinal,steal,False,False,False,,False,,,
401820635,Stanford Cardinal,Notre Dame Fighting Irish,Jeremy Dent-Smith misses 24-foot three point jumper,14,20,1,195,1395,Stanford Cardinal,,False,False,True,,False,,,
401820635,Stanford Cardinal,Notre Dame Fighting Irish,Notre Dame Defensive Rebound.,14,20,1,194,1394,Notre Dame Fighting Irish,rebound,False,False,False,,False,,,
401820635,Stanford Cardinal,Notre Dame Fighting Irish,Ryan Agarwal subbing out for Stanford,14,20,1,172,1372,Stanford Cardinal,,False,False,False,,False,,,
401820635,Stanford Cardinal,Notre Dame Fighting Irish,Donavin Young subbing in for Stanford,14,20,1,172,1372,Stanford Cardinal,,False,False,False,,False,,,
401820635,Stanford Cardinal,Notre Dame Fighting Irish,Brady Koehler subbing out for Notre Dame,14,20,1,172,1372,Notre Dame Fighting Irish,,False,False,False,,False,,,
401820635,Stanford Cardinal,Notre Dame Fighting Irish,Garrett Sundra subbing in for Notre Dame,14,20,1,172,1372,Notre Dame Fighting Irish,,False,False,False,,False,,,
401820635,Stanford Cardinal,Notre Dame Fighting Irish,Logan Imes misses 15-foot turnaround jump shot,14,20,1,165,1365,Notre Dame Fighting Irish,,False,False,False,,False,,,
401820635,Stanford Cardinal,Notre Dame Fighting Irish,Cameron Grant Defensive Rebound.,14,20,1,162,1362,Stanford Cardinal,rebound,False,False,False,,False,,,
401820635,Stanford Cardinal,Notre Dame Fighting Irish,Cameron Grant makes 23-foot three point jumper (Jeremy Dent-Smith assists),17,20,1,154,1354,Stanford Cardinal,,False,True,True,Cameron Grant makes 23-foot three point jumper (Jeremy Dent-Smith assists),False,,,
401820635,Stanford Cardinal,Notre Dame Fighting Irish,Garrett Sundra misses 5-foot turnaround jump shot,17,20,1,136,1336,Notre Dame Fighting Irish,,False,False,False,,False,,,
401820635,Stanford Cardinal,Notre Dame Fighting Irish,Oskar Giltay Defensive Rebound.,17,20,1,135,1335,Stanford Cardinal,rebound,False,False,False,,False,,,
401820635,Stanford Cardinal,Notre Dame Fighting Irish,Foul on Sir Mohammed.,17,20,1,135,1335,Notre Dame Fighting Irish,foul,False,False,False,,False,,,
401820635,Stanford Cardinal,Notre Dame Fighting Irish,Sir Mohammed subbing out for Notre Dame,17,20,1,135,1335,Notre Dame Fighting Irish,,False,False,False,,False,,,
401820635,Stanford Cardinal,Notre Dame Fighting Irish,Jalen Haralson subbing in for Notre Dame,17,20,1,135,1335,Notre Dame Fighting Irish,,False,False,False,,False,,,
401820635,Stanford Cardinal,Notre Dame Fighting Irish,Cole Certa subbing out for Notre Dame,17,20,1,135,1335,Notre Dame Fighting Irish,,False,False,False,,False,,,
401820635,Stanford Cardinal,Notre Dame Fighting Irish,Braeden Shrewsberry subbing in for Notre Dame,17,20,1,135,1335,Notre Dame Fighting Irish,,False,False,False,,False,,,
401820635,Stanford Cardinal,Notre Dame Fighting Irish,Kebba Njie subbing out for Notre Dame,17,20,1,135,1335,Notre Dame Fighting Irish,,False,False,False,,False,,,
401820635,Stanford Cardinal,Notre Dame Fighting Irish,Carson Towt subbing in for Notre Dame,17,20,1,135,1335,Notre Dame Fighting Irish,,False,False,False,,False,,,
401820635,Stanford Cardinal,Notre Dame Fighting Irish,Cameron Grant misses 24-foot three point jumper,17,20,1,123,1323,Stanford Cardinal,,False,False,True,,False,,,
401820635,Stanford Cardinal,Notre Dame Fighting Irish,Donavin Young Offensive Rebound.,17,20,1,123,1323,Stanford Cardinal,rebound,False,False,False,,False,,,
401820635,Stanford Cardinal,Notre Dame Fighting Irish,Foul on Jalen Haralson.,17,20,1,123,1323,Notre Dame Fighting Irish,foul,False,False,False,,False,,,
401820635,Stanford Cardinal,Notre Dame Fighting Irish,Cameron Grant misses 23-foot three point jumper,17,20,1,120,1320,Stanford Cardinal,,False,False,True,,False,,,
401820635,Stanford Cardinal,Notre Dame Fighting Irish,Braeden Shrewsberry Defensive Rebound.,17,20,1,117,1317,Notre Dame Fighting Irish,rebound,False,False,False,,False,,,
401820635,Stanford Cardinal,Notre Dame Fighting Irish,Jalen Haralson makes driving layup,17,22,1,102,1302,Notre Dame Fighting Irish,,False,True,False,Jalen Haralson makes driving layup,False,,,
401820635,Stanford Cardinal,Notre Dame Fighting Irish,Carson Towt subbing out for Notre Dame,17,22,1,78,1278,Notre Dame Fighting Irish,,False,False,False,,False,,,
401820635,Stanford Cardinal,Notre Dame Fighting Irish,Kebba Njie subbing in for Notre Dame,17,22,1,78,1278,Notre Dame Fighting Irish,,False,False,False,,False,,,
401820635,Stanford Cardinal,Notre Dame Fighting Irish,Jeremy Dent-Smith misses 24-foot three point jumper,17,22,1,73,1273,Stanford Cardinal,,False,False,True,,False,,,
401820635,Stanford Cardinal,Notre Dame Fighting Irish,Kebba Njie Defensive Rebound.,17,22,1,69,1269,Notre Dame Fighting Irish,rebound,False,False,False,,False,,,
401820635,Stanford Cardinal,Notre Dame Fighting Irish,Garrett Sundra misses 23-foot three point jumper,17,22,1,44,1244,Notre Dame Fighting Irish,,False,False,True,,False,,,
401820635,Stanford Cardinal,Notre Dame Fighting Irish,Oskar Giltay Defensive Rebound.,17,22,1,40,1240,Stanford Cardinal,rebound,False,False,False,,False,,,
401820635,Stanford Cardinal,Notre Dame Fighting Irish,Cameron Grant misses 29-foot three point jumper,17,22,1,23,1223,Stanford Cardinal,,False,False,True,,False,,,
401820635,Stanford Cardinal,Notre Dame Fighting Irish,Kebba Njie Defensive Rebound.,17,22,1,20,1220,Notre Dame Fighting Irish,rebound,False,False,False,,False,,,
401820635,Stanford Cardinal,Notre Dame Fighting Irish,Notre Dame Timeout,17,22,1,16,1216,Notre Dame Fighting Irish,timeout,False,False,False,,False,,,
401820635,Stanford Cardinal,Notre Dame Fighting Irish,Cameron Grant subbing out for Stanford,17,22,1,16,1216,Stanford Cardinal,,False,False,False,,False,,,
401820635,Stanford Cardinal,Notre Dame Fighting Irish,Aidan Cammann subbing in for Stanford,17,22,1,16,1216,Stanford Cardinal,,False,False,False,,False,,,
401820635,Stanford Cardinal,Notre Dame Fighting Irish,Logan Imes subbing out for Notre Dame,17,22,1,16,1216,Notre Dame Fighting Irish,,False,False,False,,False,,,
401820635,Stanford Cardinal,Notre Dame Fighting Irish,Kebba Njie subbing out for Notre Dame,17,22,1,16,1216,Notre Dame Fighting Irish,,False,False,False,,False,,,
401820635,Stanford Cardinal,Notre Dame Fighting Irish,Cole Certa subbing in for Notre Dame,17,22,1,16,1216,Notre Dame Fighting Irish,,False,False,False,,False,,,
401820635,Stanford Cardinal,Notre Dame Fighting Irish,Ryder Frost subbing in for Notre Dame,17,22,1,16,1216,Notre Dame Fighting Irish,,False,False,False,,False,,,
401820635,Stanford Cardinal,Notre Dame Fighting Irish,Braeden Shrewsberry misses 25-foot three point jumper,17,22,1,2,1202,Notre Dame Fighting Irish,,False,False,True,,False,,,
401820635,Stanford Cardinal,Notre Dame Fighting Irish,Donavin Young Defensive Rebound.,17,22,1,0,1200,Stanford Cardinal,rebound,False,False,False,,False,,,
401820635,Stanford Cardinal,Notre Dame Fighting Irish,End of 1st half,17,22,1,0,1200,,end,False,False,False,,False,,,
401820635,Stanford Cardinal,Notre Dame Fighting Irish,Donavin Young subbing out for Stanford,17,22,2,1200,1200,Stanford Cardinal,,False,False,False,,False,,,
401820635,Stanford Cardinal,Notre Dame Fighting Irish,Jeremy Dent-Smith subbing out for Stanford,17,22,2,1200,1200,Stanford Cardinal,,False,False,False,,False,,,
401820635,Stanford Cardinal,Notre Dame Fighting Irish,Aidan Cammann subbing out for Stanford,17,22,2,1200,1200,Stanford Cardinal,,False,False,False,,False,,,
401820635,Stanford Cardinal,Notre Dame Fighting Irish,Benny Gealer subbing in for Stanford,17,22,2,1200,1200,Stanford Cardinal,,False,False,False,,False,,,
401820635,Stanford Cardinal,Notre Dame Fighting Irish,Chisom Okpara subbing in for Stanford,17,22,2,1200,1200,Stanford Cardinal,,False,False,False,,False,,,
401820635,Stanford Cardinal,Notre Dame Fighting Irish,Ryan Agarwal subbing in for Stanford,17,22,2,1200,1200,Stanford Cardinal,,False,False,False,,False,,,
401820635,Stanford Cardinal,Notre Dame Fighting Irish,Cole Certa subbing out for Notre Dame,17,22,2,1200,1200,Notre Dame Fighting Irish,,False,False,False,,False,,,
401820635,Stanford Cardinal,Notre Dame Fighting Irish,Ryder Frost subbing out for Notre Dame,17,22,2,1200,1200,Notre Dame Fighting Irish,,False,False,False,,False,,,
401820635,Stanford Cardinal,Notre Dame Fighting Irish,Logan Imes subbing in for Notre Dame,17,22,2,1200,1200,Notre Dame Fighting Irish,,False,False,False,,False,,,
401820635,Stanford Cardinal,Notre Dame Fighting Irish,Carson Towt subbing in for Notre Dame,17,22,2,1200,1200,Notre Dame Fighting Irish,,False,False,False,,False,,,
401820635,Stanford Cardinal,Notre Dame Fighting Irish,"Chisom Okpara bad pass
turnover",17,22,2,1185,1185,Stanford Cardinal,,False,False,False,,False,,,
401820635,Stanford Cardinal,Notre Dame Fighting Irish,Carson Towt makes 2-foot dunk (Logan Imes assists),17,24,2,1166,1166,Notre Dame Fighting Irish,,False,True,False,Carson Towt makes 2-foot dunk (Logan Imes assists),False,,,
401820635,Stanford Cardinal,Notre Dame Fighting Irish,Benny Gealer makes 29-foot three point jumper (Ebuka Okorie assists),20,24,2,1145,1145,Stanford Cardinal,,False,True,True,Benny Gealer makes 29-foot three point jumper (Ebuka Okorie assists),False,,,
401820635,Stanford Cardinal,Notre Dame Fighting Irish,Braeden Shrewsberry misses 29-foot three point jumper,20,24,2,1118,1118,Notre Dame Fighting Irish,,False,False,True,,False,,,
401820635,Stanford Cardinal,Notre Dame Fighting Irish,Stanford Defensive Rebound.,20,24,2,1115,1115,Stanford Cardinal,rebound,False,False,False,,False,,,
401820635,Stanford Cardinal,Notre Dame Fighting Irish,Chisom Okpara misses 4-foot turnaround jump shot,20,24,2,1096,1096,Stanford Cardinal,,False,False,False,,False,,,
401820635,Stanford Cardinal,Notre Dame Fighting Irish,Carson Towt Defensive Rebound.,20,24,2,1092,1092,Notre Dame Fighting Irish,rebound,False,False,False,,False,,,
401820635,Stanford Cardinal,Notre Dame Fighting Irish,Jalen Haralson makes layup,20,26,2,1076,1076,Notre Dame Fighting Irish,,False,True,False,Jalen Haralson makes layup,False,,,
401820635,Stanford Cardinal,Notre Dame Fighting Irish,Foul on Ryan Agarwal.,20,26,2,1076,1076,Stanford Cardinal,foul,False,False,False,,False,,,
401820635,Stanford Cardinal,Notre Dame Fighting Irish,Jalen Haralson makes free throw 1 of 1,20,27,2,1076,1076,Notre Dame Fighting Irish,,False,True,False,Jalen Haralson makes free throw 1 of 1,False,,,
401820635,Stanford Cardinal,Notre Dame Fighting Irish,Ebuka Okorie misses layup,20,27,2,1052,1052,Stanford Cardinal,,False,False,False,,False,,,
401820635,Stanford Cardinal,Notre Dame Fighting Irish,Ebuka Okorie Offensive Rebound.,20,27,2,1049,1049,Stanford Cardinal,rebound,False,False,False,,False,,,
401820635,Stanford Cardinal,Notre Dame Fighting Irish,Ebuka Okorie misses tip in layup,20,27,2,1049,1049,Stanford Cardinal,,False,False,False,,False,,,
401820635,Stanford Cardinal,Notre Dame Fighting Irish,Braeden Shrewsberry Defensive Rebound.,20,27,2,1047,1047,Notre Dame Fighting Irish,rebound,False,False,False,,False,,,
401820635,Stanford Cardinal,Notre Dame Fighting Irish,Jalen Haralson makes driving layup,20,29,2,1023,1023,Notre Dame Fighting Irish,,False,True,False,Jalen Haralson makes driving layup,False,,,
401820635,Stanford Cardinal,Notre Dame Fighting Irish,Stanford Timeout,20,29,2,1012,1012,Stanford Cardinal,timeout,False,False,False,,False,,,
401820635,Stanford Cardinal,Notre Dame Fighting Irish,Official TV Timeout,20,29,2,1012,1012,,tv timeout,False,False,False,,False,,,
401820635,Stanford Cardinal,Notre Dame Fighting Irish,Ryan Agarwal subbing out for Stanford,20,29,2,1012,1012,Stanford Cardinal,,False,False,False,,False,,,
401820635,Stanford Cardinal,Notre Dame Fighting Irish,Donavin Young subbing in for Stanford,20,29,2,1012,1012,Stanford Cardinal,,False,False,False,,False,,,
401820635,Stanford Cardinal,Notre Dame Fighting Irish,Chisom Okpara misses layup,20,29,2,1003,1003,Stanford Cardinal,,False,False,False,,False,,,
401820635,Stanford Cardinal,Notre Dame Fighting Irish,Garrett Sundra Defensive Rebound.,20,29,2,1003,1003,Notre Dame Fighting Irish,rebound,False,False,False,,False,,,
401820635,Stanford Cardinal,Notre Dame Fighting Irish,Garrett Sundra Block.,20,29,2,1003,1003,Notre Dame Fighting Irish,block,False,False,False,,False,,,
401820635,Stanford Cardinal,Notre Dame Fighting Irish,Chisom Okpara subbing out for Stanford,20,29,2,997,997,Stanford Cardinal,,False,False,False,,False,,,
401820635,Stanford Cardinal,Notre Dame Fighting Irish,Cameron Grant subbing in for Stanford,20,29,2,997,997,Stanford Cardinal,,False,False,False,,False,,,
401820635,Stanford Cardinal,Notre Dame Fighting Irish,Jalen Haralson misses layup,20,29,2,986,986,Notre Dame Fighting Irish,,False,False,False,,False,,,
401820635,Stanford Cardinal,Notre Dame Fighting Irish,Donavin Young Block.,20,29,2,986,986,Stanford Cardinal,block,False,False,False,,False,,,
401820635,Stanford Cardinal,Notre Dame Fighting Irish,Carson Towt Offensive Rebound.,20,29,2,980,980,Notre Dame Fighting Irish,rebound,False,False,False,,False,,,
401820635,Stanford Cardinal,Notre Dame Fighting Irish,Jalen Haralson misses layup,20,29,2,975,975,Notre Dame Fighting Irish,,False,False,False,,False,,,
401820635,Stanford Cardinal,Notre Dame Fighting Irish,Oskar Giltay Defensive Rebound.,20,29,2,974,974,Stanford Cardinal,rebound,False,False,False,,False,,,
401820635,Stanford Cardinal,Notre Dame Fighting Irish,Oskar Giltay traveling turnover,20,29,2,974,974,Stanford Cardinal,,False,False,False,,False,,,
401820635,Stanford Cardinal,Notre Dame Fighting Irish,Jalen Haralson misses driving layup,20,29,2,960,960,Notre Dame Fighting Irish,,False,False,False,,False,,,
401820635,Stanford Cardinal,Notre Dame Fighting Irish,Oskar Giltay Defensive Rebound.,20,29,2,956,956,Stanford Cardinal,rebound,False,False,False,,False,,,
401820635,Stanford Cardinal,Notre Dame Fighting Irish,Benny Gealer misses 25-foot three point jumper,20,29,2,947,947,Stanford Cardinal,,False,False,True,,False,,,
401820635,Stanford Cardinal,Notre Dame Fighting Irish,Logan Imes Defensive Rebound.,20,29,2,942,942,Notre Dame Fighting Irish,rebound,False,False,False,,False,,,
401820635,Stanford Cardinal,Notre Dame Fighting Irish,Logan Imes makes driving layup,20,31,2,914,914,Notre Dame Fighting Irish,,False,True,False,Logan Imes makes driving layup,False,,,
401820635,Stanford Cardinal,Notre Dame Fighting Irish,Foul on Carson Towt.,20,31,2,896,896,Notre Dame Fighting Irish,foul,False,False,False,,False,,,
401820635,Stanford Cardinal,Notre Dame Fighting Irish,Official TV Timeout,20,31,2,896,896,,tv timeout,False,False,False,,False,,,
401820635,Stanford Cardinal,Notre Dame Fighting Irish,Garrett Sundra subbing out for Notre Dame,20,31,2,896,896,Notre Dame Fighting Irish,,False,False,False,,False,,,
401820635,Stanford Cardinal,Notre Dame Fighting Irish,Carson Towt subbing out for Notre Dame,20,31,2,896,896,Notre Dame Fighting Irish,,False,False,False,,False,,,
401820635,Stanford Cardinal,Notre Dame Fighting Irish,Brady Koehler subbing in for Notre Dame,20,31,2,896,896,Notre Dame Fighting Irish,,False,False,False,,False,,,
401820635,Stanford Cardinal,Notre Dame Fighting Irish,Kebba Njie subbing in for Notre Dame,20,31,2,896,896,Notre Dame Fighting Irish,,False,False,False,,False,,,
401820635,Stanford Cardinal,Notre Dame Fighting Irish,Cameron Grant misses 24-foot three point jumper,20,31,2,875,875,Stanford Cardinal,,False,False,True,,False,,,
401820635,Stanford Cardinal,Notre Dame Fighting Irish,Kebba Njie Defensive Rebound.,20,31,2,869,869,Notre Dame Fighting Irish,rebound,False,False,False,,False,,,
401820635,Stanford Cardinal,Notre Dame Fighting Irish,Braeden Shrewsberry misses 27-foot three point jumper,20,31,2,846,846,Notre Dame Fighting Irish,,False,False,True,,False,,,
401820635,Stanford Cardinal,Notre Dame Fighting Irish,Notre Dame Offensive Rebound.,20,31,2,843,843,Notre Dame Fighting Irish,rebound,False,False,False,,False,,,
401820635,Stanford Cardinal,Notre Dame Fighting Irish,Braeden Shrewsberry subbing out for Notre Dame,20,31,2,843,843,Notre Dame Fighting Irish,,False,False,False,,False,,,
401820635,Stanford Cardinal,Notre Dame Fighting Irish,Cole Certa subbing in for Notre Dame,20,31,2,843,843,Notre Dame Fighting Irish,,False,False,False,,False,,,
401820635,Stanford Cardinal,Notre Dame Fighting Irish,Foul on Donavin Young.,20,31,2,834,834,Stanford Cardinal,foul,False,False,False,,False,,,
401820635,Stanford Cardinal,Notre Dame Fighting Irish,Jalen Haralson misses free throw 1 of 2,20,31,2,834,834,Notre Dame Fighting Irish,,False,False,False,,False,,,
401820635,Stanford Cardinal,Notre Dame Fighting Irish,Notre Dame Deadball Team Rebound.,20,31,2,834,834,Notre Dame Fighting Irish,rebound,False,False,False,,False,,,
401820635,Stanford Cardinal,Notre Dame Fighting Irish,Ebuka Okorie subbing out for Stanford,20,31,2,834,834,Stanford Cardinal,,False,False,False,,False,,,
401820635,Stanford Cardinal,Notre Dame Fighting Irish,Oskar Giltay subbing out for Stanford,20,31,2,834,834,Stanford Cardinal,,False,False,False,,False,,,
401820635,Stanford Cardinal,Notre Dame Fighting Irish,AJ Rohosy subbing in for Stanford,20,31,2,834,834,Stanford Cardinal,,False,False,False,,False,,,
401820635,Stanford Cardinal,Notre Dame Fighting Irish,Jeremy Dent-Smith subbing in for Stanford,20,31,2,834,834,Stanford Cardinal,,False,False,False,,False,,,
401820635,Stanford Cardinal,Notre Dame Fighting Irish,Jalen Haralson misses free throw 2 of 2,20,31,2,834,834,Notre Dame Fighting Irish,,False,False,False,,False,,,
401820635,Stanford Cardinal,Notre Dame Fighting Irish,AJ Rohosy Defensive Rebound.,20,31,2,831,831,Stanford Cardinal,rebound,False,False,False,,False,,,
401820635,Stanford Cardinal,Notre Dame Fighting Irish,AJ Rohosy misses layup,20,31,2,816,816,Stanford Cardinal,,False,False,False,,False,,,
401820635,Stanford Cardinal,Notre Dame Fighting Irish,Kebba Njie Block.,20,31,2,816,816,Notre Dame Fighting Irish,block,False,False,False,,False,,,
401820635,Stanford Cardinal,Notre Dame Fighting Irish,Kebba Njie Defensive Rebound.,20,31,2,812,812,Notre Dame Fighting Irish,rebound,False,False,False,,False,,,
401820635,Stanford Cardinal,Notre Dame Fighting Irish,Brady Koehler makes 24-foot three point jumper (Logan Imes assists),20,34,2,807,807,Notre Dame Fighting Irish,,False,True,True,Brady Koehler makes 24-foot three point jumper (Logan Imes assists),False,,,
401820635,Stanford Cardinal,Notre Dame Fighting Irish,Cameron Grant misses 24-foot three point jumper,20,34,2,783,783,Stanford Cardinal,,False,False,True,,False,,,
401820635,Stanford Cardinal,Notre Dame Fighting Irish,Donavin Young Offensive Rebound.,20,34,2,782,782,Stanford Cardinal,rebound,False,False,False,,False,,,
401820635,Stanford Cardinal,Notre Dame Fighting Irish,Foul on Brady Koehler.,20,34,2,782,782,Notre Dame Fighting Irish,foul,False,False,False,,False,,,
401820635,Stanford Cardinal,Notre Dame Fighting Irish,Donavin Young subbing out for Stanford,20,34,2,782,782,Stanford Cardinal,,False,False,False,,False,,,
401820635,Stanford Cardinal,Notre Dame Fighting Irish,Chisom Okpara subbing in for Stanford,20,34,2,782,782,Stanford Cardinal,,False,False,False,,False,,,
401820635,Stanford Cardinal,Notre Dame Fighting Irish,Jalen Haralson subbing out for Notre Dame,20,34,2,782,782,Notre Dame Fighting Irish,,False,False,False,,False,,,
401820635,Stanford Cardinal,Notre Dame Fighting Irish,Sir Mohammed subbing in for Notre Dame,20,34,2,782,782,Notre Dame Fighting Irish,,False,False,False,,False,,,
401820635,Stanford Cardinal,Notre Dame Fighting Irish,Foul on Brady Koehler.,20,34,2,776,776,Notre Dame Fighting Irish,foul,False,False,False,,False,,,
401820635,Stanford Cardinal,Notre Dame Fighting Irish,Jeremy Dent-Smith makes free throw 1 of 2,21,34,2,776,776,Stanford Cardinal,,False,True,False,Jeremy Dent-Smith makes free throw 1 of 2,False,,,
401820635,Stanford Cardinal,Notre Dame Fighting Irish,Cameron Grant subbing out for Stanford,21,34,2,776,776,Stanford Cardinal,,False,False,False,,False,,,
401820635,Stanford Cardinal,Notre Dame Fighting Irish,Aidan Cammann subbing in for Stanford,21,34,2,776,776,Stanford Cardinal,,False,False,False,,False,,,
401820635,Stanford Cardinal,Notre Dame Fighting Irish,Logan Imes subbing out for Notre Dame,21,34,2,776,776,Notre Dame Fighting Irish,,False,False,False,,False,,,
401820635,Stanford Cardinal,Notre Dame Fighting Irish,Braeden Shrewsberry subbing in for Notre Dame,21,34,2,776,776,Notre Dame Fighting Irish,,False,False,False,,False,,,
401820635,Stanford Cardinal,Notre Dame Fighting Irish,Jeremy Dent-Smith makes free throw 2 of 2,22,34,2,776,776,Stanford Cardinal,,False,True,False,Jeremy Dent-Smith makes free throw 2 of 2,False,,,
401820635,Stanford Cardinal,Notre Dame Fighting Irish,Brady Koehler makes driving layup,22,36,2,750,750,Notre Dame Fighting Irish,,False,True,False,Brady Koehler makes driving layup,False,,,
401820635,Stanford Cardinal,Notre Dame Fighting Irish,Benny Gealer misses 26-foot three point jumper,22,36,2,729,729,Stanford Cardinal,,False,False,True,,False,,,
401820635,Stanford Cardinal,Notre Dame Fighting Irish,Sir Mohammed Defensive Rebound.,22,36,2,726,726,Notre Dame Fighting Irish,rebound,False,False,False,,False,,,
401820635,Stanford Cardinal,Notre Dame Fighting Irish,Cole Certa misses 23-foot three point jumper,22,36,2,710,710,Notre Dame Fighting Irish,,False,False,True,,False,,,
401820635,Stanford Cardinal,Notre Dame Fighting Irish,Brady Koehler Offensive Rebound.,22,36,2,706,706,Notre Dame Fighting Irish,rebound,False,False,False,,False,,,
401820635,Stanford Cardinal,Notre Dame Fighting Irish,Brady Koehler makes 0-foot tip in layup,22,38,2,706,706,Notre Dame Fighting Irish,,False,True,False,Brady Koehler makes 0-foot tip in layup,False,,,
401820635,Stanford Cardinal,Notre Dame Fighting Irish,Foul on Cole Certa.,22,38,2,693,693,Notre Dame Fighting Irish,foul,False,False,False,,False,,,
401820635,Stanford Cardinal,Notre Dame Fighting Irish,Official TV Timeout,22,38,2,693,693,,tv timeout,False,False,False,,False,,,
401820635,Stanford Cardinal,Notre Dame Fighting Irish,Benny Gealer subbing out for Stanford,22,38,2,693,693,Stanford Cardinal,,False,False,False,,False,,,
401820635,Stanford Cardinal,Notre Dame Fighting Irish,Aidan Cammann subbing out for Stanford,22,38,2,693,693,Stanford Cardinal,,False,False,False,,False,,,
401820635,Stanford Cardinal,Notre Dame Fighting Irish,Ebuka Okorie subbing in for Stanford,22,38,2,693,693,Stanford Cardinal,,False,False,False,,False,,,
401820635,Stanford Cardinal,Notre Dame Fighting Irish,Donavin Young subbing in for Stanford,22,38,2,693,693,Stanford Cardinal,,False,False,False,,False,,,
401820635,Stanford Cardinal,Notre Dame Fighting Irish,Braeden Shrewsberry subbing out for Notre Dame,22,38,2,693,693,Notre Dame Fighting Irish,,False,False,False,,False,,,
401820635,Stanford Cardinal,Notre Dame Fighting Irish,Kebba Njie subbing out for Notre Dame,22,38,2,693,693,Notre Dame Fighting Irish,,False,False,False,,False,,,
401820635,Stanford Cardinal,Notre Dame Fighting Irish,Mark Zackery IV subbing in for Notre Dame,22,38,2,693,693,Notre Dame Fighting Irish,,False,False,False,,False,,,
401820635,Stanford Cardinal,Notre Dame Fighting Irish,Carson Towt subbing in for Notre Dame,22,38,2,693,693,Notre Dame Fighting Irish,,False,False,False,,False,,,
401820635,Stanford Cardinal,Notre Dame Fighting Irish,Ebuka Okorie makes driving layup,24,38,2,689,689,Stanford Cardinal,,False,True,False,Ebuka Okorie makes driving layup,False,,,
401820635,Stanford Cardinal,Notre Dame Fighting Irish,Brady Koehler misses 14-foot jumper,24,38,2,664,664,Notre Dame Fighting Irish,,False,False,False,,False,,,
401820635,Stanford Cardinal,Notre Dame Fighting Irish,Ebuka Okorie Defensive Rebound.,24,38,2,661,661,Stanford Cardinal,rebound,False,False,False,,False,,,
401820635,Stanford Cardinal,Notre Dame Fighting Irish,Chisom Okpara misses 25-foot three point jumper,24,38,2,651,651,Stanford Cardinal,,False,False,True,,False,,,
401820635,Stanford Cardinal,Notre Dame Fighting Irish,Sir Mohammed Defensive Rebound.,24,38,2,647,647,Notre Dame Fighting Irish,rebound,False,False,False,,False,,,
401820635,Stanford Cardinal,Notre Dame Fighting Irish,Brady Koehler subbing out for Notre Dame,24,38,2,643,643,Notre Dame Fighting Irish,,False,False,False,,False,,,
401820635,Stanford Cardinal,Notre Dame Fighting Irish,Garrett Sundra subbing in for Notre Dame,24,38,2,643,643,Notre Dame Fighting Irish,,False,False,False,,False,,,
401820635,Stanford Cardinal,Notre Dame Fighting Irish,"Carson Towt bad pass
turnover",24,38,2,628,628,Notre Dame Fighting Irish,,False,False,False,,False,,,
401820635,Stanford Cardinal,Notre Dame Fighting Irish,Mark Zackery IV subbing out for Notre Dame,24,38,2,628,628,Notre Dame Fighting Irish,,False,False,False,,False,,,
401820635,Stanford Cardinal,Notre Dame Fighting Irish,Logan Imes subbing in for Notre Dame,24,38,2,628,628,Notre Dame Fighting Irish,,False,False,False,,False,,,
401820635,Stanford Cardinal,Notre Dame Fighting Irish,Foul on Cole Certa.,24,38,2,614,614,Notre Dame Fighting Irish,foul,False,False,False,,False,,,
401820635,Stanford Cardinal,Notre Dame Fighting Irish,Cole Certa subbing out for Notre Dame,24,38,2,614,614,Notre Dame Fighting Irish,,False,False,False,,False,,,
401820635,Stanford Cardinal,Notre Dame Fighting Irish,Sir Mohammed subbing out for Notre Dame,24,38,2,614,614,Notre Dame Fighting Irish,,False,False,False,,False,,,
401820635,Stanford Cardinal,Notre Dame Fighting Irish,Jalen Haralson subbing in for Notre Dame,24,38,2,614,614,Notre Dame Fighting Irish,,False,False,False,,False,,,
401820635,Stanford Cardinal,Notre Dame Fighting Irish,Braeden Shrewsberry subbing in for Notre Dame,24,38,2,614,614,Notre Dame Fighting Irish,,False,False,False,,False,,,
401820635,Stanford Cardinal,Notre Dame Fighting Irish,Ebuka Okorie misses layup,24,38,2,599,599,Stanford Cardinal,,False,False,False,,False,,,
401820635,Stanford Cardinal,Notre Dame Fighting Irish,AJ Rohosy Offensive Rebound.,24,38,2,595,595,Stanford Cardinal,rebound,False,False,False,,False,,,
401820635,Stanford Cardinal,Notre Dame Fighting Irish,Foul on Carson Towt.,24,38,2,595,595,Notre Dame Fighting Irish,foul,False,False,False,,False,,,
401820635,Stanford Cardinal,Notre Dame Fighting Irish,Jeremy Dent-Smith misses 23-foot three point jumper,24,38,2,592,592,Stanford Cardinal,,False,False,True,,False,,,
401820635,Stanford Cardinal,Notre Dame Fighting Irish,Carson Towt Defensive Rebound.,24,38,2,591,591,Notre Dame Fighting Irish,rebound,False,False,False,,False,,,
401820635,Stanford Cardinal,Notre Dame Fighting Irish,Foul on AJ Rohosy.,24,38,2,591,591,Stanford Cardinal,foul,False,False,False,,False,,,
401820635,Stanford Cardinal,Notre Dame Fighting Irish,Carson Towt subbing out for Notre Dame,24,38,2,591,591,Notre Dame Fighting Irish,,False,False,False,,False,,,
401820635,Stanford Cardinal,Notre Dame Fighting Irish,Kebba Njie subbing in for Notre Dame,24,38,2,591,591,Notre Dame Fighting Irish,,False,False,False,,False,,,
401820635,Stanford Cardinal,Notre Dame Fighting Irish,Jalen Haralson misses 3-foot jumper,24,38,2,569,569,Notre Dame Fighting Irish,,False,False,False,,False,,,
401820635,Stanford Cardinal,Notre Dame Fighting Irish,Donavin Young Block.,24,38,2,569,569,Stanford Cardinal,block,False,False,False,,False,,,
401820635,Stanford Cardinal,Notre Dame Fighting Irish,Garrett Sundra Offensive Rebound.,24,38,2,565,565,Notre Dame Fighting Irish,rebound,False,False,False,,False,,,
401820635,Stanford Cardinal,Notre Dame Fighting Irish,Garrett Sundra misses layup,24,38,2,563,563,Notre Dame Fighting Irish,,False,False,False,,False,,,
401820635,Stanford Cardinal,Notre Dame Fighting Irish,Donavin Young Defensive Rebound.,24,38,2,561,561,Stanford Cardinal,rebound,False,False,False,,False,,,
401820635,Stanford Cardinal,Notre Dame Fighting Irish,Foul on Kebba Njie.,24,38,2,557,557,Notre Dame Fighting Irish,foul,False,False,False,,False,,,
401820635,Stanford Cardinal,Notre Dame Fighting Irish,Ebuka Okorie misses free throw 1 of 2,24,38,2,557,557,Stanford Cardinal,,False,False,False,,False,,,
401820635,Stanford Cardinal,Notre Dame Fighting Irish,Stanford Deadball Team Rebound.,24,38,2,557,557,Stanford Cardinal,rebound,False,False,False,,False,,,
401820635,Stanford Cardinal,Notre Dame Fighting Irish,Ebuka Okorie makes free throw 2 of 2,25,38,2,557,557,Stanford Cardinal,,False,True,False,Ebuka Okorie makes free throw 2 of 2,False,,,
401820635,Stanford Cardinal,Notre Dame Fighting Irish,"Jalen Haralson bad pass
turnover",25,38,2,534,534,Notre Dame Fighting Irish,,False,False,False,,False,,,
401820635,Stanford Cardinal,Notre Dame Fighting Irish,Ebuka Okorie Steal.,25,38,2,534,534,Stanford Cardinal,steal,False,False,False,,False,,,
401820635,Stanford Cardinal,Notre Dame Fighting Irish,Ebuka Okorie makes layup,27,38,2,530,530,Stanford Cardinal,,False,True,False,Ebuka Okorie makes layup,False,,,
401820635,Stanford Cardinal,Notre Dame Fighting Irish,Notre Dame Timeout,27,38,2,528,528,Notre Dame Fighting Irish,timeout,False,False,False,,False,,,
401820635,Stanford Cardinal,Notre Dame Fighting Irish,Foul on Donavin Young.,27,38,2,502,502,Stanford Cardinal,foul,False,False,False,,False,,,
401820635,Stanford Cardinal,Notre Dame Fighting Irish,Jalen Haralson misses free throw 1 of 2,27,38,2,502,502,Notre Dame Fighting Irish,,False,False,False,,False,,,
401820635,Stanford Cardinal,Notre Dame Fighting Irish,Notre Dame Deadball Team Rebound.,27,38,2,502,502,Notre Dame Fighting Irish,rebound,False,False,False,,False,,,
401820635,Stanford Cardinal,Notre Dame Fighting Irish,Jalen Haralson makes free throw 2 of 2,27,39,2,502,502,Notre Dame Fighting Irish,,False,True,False,Jalen Haralson makes free throw 2 of 2,False,,,
401820635,Stanford Cardinal,Notre Dame Fighting Irish,Foul on Garrett Sundra.,27,39,2,478,478,Notre Dame Fighting Irish,foul,False,False,False,,False,,,
401820635,Stanford Cardinal,Notre Dame Fighting Irish,Official TV Timeout,27,39,2,478,478,,tv timeout,False,False,False,,False,,,
401820635,Stanford Cardinal,Notre Dame Fighting Irish,AJ Rohosy subbing out for Stanford,27,39,2,478,478,Stanford Cardinal,,False,False,False,,False,,,
401820635,Stanford Cardinal,Notre Dame Fighting Irish,Oskar Giltay subbing in for Stanford,27,39,2,478,478,Stanford Cardinal,,False,False,False,,False,,,
401820635,Stanford Cardinal,Notre Dame Fighting Irish,Kebba Njie subbing out for Notre Dame,27,39,2,478,478,Notre Dame Fighting Irish,,False,False,False,,False,,,
401820635,Stanford Cardinal,Notre Dame Fighting Irish,Carson Towt subbing in for Notre Dame,27,39,2,478,478,Notre Dame Fighting Irish,,False,False,False,,False,,,
401820635,Stanford Cardinal,Notre Dame Fighting Irish,Chisom Okpara makes free throw 1 of 2,28,39,2,478,478,Stanford Cardinal,,False,True,False,Chisom Okpara makes free throw 1 of 2,False,,,
401820635,Stanford Cardinal,Notre Dame Fighting Irish,Chisom Okpara makes free throw 2 of 2,29,39,2,478,478,Stanford Cardinal,,False,True,False,Chisom Okpara makes free throw 2 of 2,False,,,
401820635,Stanford Cardinal,Notre Dame Fighting Irish,Braeden Shrewsberry misses 25-foot three point jumper,29,39,2,449,449,Notre Dame Fighting Irish,,False,False,True,,False,,,
401820635,Stanford Cardinal,Notre Dame Fighting Irish,Oskar Giltay Defensive Rebound.,29,39,2,443,443,Stanford Cardinal,rebound,False,False,False,,False,,,
401820635,Stanford Cardinal,Notre Dame Fighting Irish,Chisom Okpara misses 25-foot three point jumper,29,39,2,425,425,Stanford Cardinal,,False,False,True,,False,,,
401820635,Stanford Cardinal,Notre Dame Fighting Irish,Jeremy Dent-Smith Offensive Rebound.,29,39,2,422,422,Stanford Cardinal,rebound,False,False,False,,False,,,
401820635,Stanford Cardinal,Notre Dame Fighting Irish,Ebuka Okorie misses 25-foot three point jumper,29,39,2,420,420,Stanford Cardinal,,False,False,True,,False,,,
401820635,Stanford Cardinal,Notre Dame Fighting Irish,Chisom Okpara Offensive Rebound.,29,39,2,417,417,Stanford Cardinal,rebound,False,False,False,,False,,,
401820635,Stanford Cardinal,Notre Dame Fighting Irish,Chisom Okpara misses layup,29,39,2,415,415,Stanford Cardinal,,False,False,False,,False,,,
401820635,Stanford Cardinal,Notre Dame Fighting Irish,Carson Towt Defensive Rebound.,29,39,2,412,412,Notre Dame Fighting Irish,rebound,False,False,False,,False,,,
401820635,Stanford Cardinal,Notre Dame Fighting Irish,Logan Imes misses 23-foot three point jumper,29,39,2,407,407,Notre Dame Fighting Irish,,False,False,True,,False,,,
401820635,Stanford Cardinal,Notre Dame Fighting Irish,Ebuka Okorie Defensive Rebound.,29,39,2,404,404,Stanford Cardinal,rebound,False,False,False,,False,,,
401820635,Stanford Cardinal,Notre Dame Fighting Irish,Donavin Young makes layup (Ebuka Okorie assists),31,39,2,400,400,Stanford Cardinal,,False,True,False,Donavin Young makes layup (Ebuka Okorie assists),False,,,
401820635,Stanford Cardinal,Notre Dame Fighting Irish,Braeden Shrewsberry misses layup,31,39,2,379,379,Notre Dame Fighting Irish,,False,False,False,,False,,,
401820635,Stanford Cardinal,Notre Dame Fighting Irish,Chisom Okpara Defensive Rebound.,31,39,2,376,376,Stanford Cardinal,rebound,False,False,False,,False,,,
401820635,Stanford Cardinal,Notre Dame Fighting Irish,Foul on Logan Imes.,31,39,2,374,374,Notre Dame Fighting Irish,foul,False,False,False,,False,,,
401820635,Stanford Cardinal,Notre Dame Fighting Irish,Chisom Okpara makes free throw 1 of 2,32,39,2,374,374,Stanford Cardinal,,False,True,False,Chisom Okpara makes free throw 1 of 2,False,,,
401820635,Stanford Cardinal,Notre Dame Fighting Irish,Chisom Okpara makes free throw 2 of 2,33,39,2,374,374,Stanford Cardinal,,False,True,False,Chisom Okpara makes free throw 2 of 2,False,,,
401820635,Stanford Cardinal,Notre Dame Fighting Irish,"Jalen Haralson bad pass
turnover",33,39,2,366,366,Notre Dame Fighting Irish,,False,False,False,,False,,,
401820635,Stanford Cardinal,Notre Dame Fighting Irish,Oskar Giltay Steal.,33,39,2,366,366,Stanford Cardinal,steal,False,False,False,,False,,,
401820635,Stanford Cardinal,Notre Dame Fighting Irish,Jeremy Dent-Smith makes driving layup,35,39,2,352,352,Stanford Cardinal,,False,True,False,Jeremy Dent-Smith makes driving layup,False,,,
401820635,Stanford Cardinal,Notre Dame Fighting Irish,Foul on Jeremy Dent-Smith.,35,39,2,334,334,Stanford Cardinal,foul,False,False,False,,False,,,
401820635,Stanford Cardinal,Notre Dame Fighting Irish,Garrett Sundra makes 26-foot three point jumper (Braeden Shrewsberry assists),35,42,2,317,317,Notre Dame Fighting Irish,,False,True,True,Garrett Sundra makes 26-foot three point jumper (Braeden Shrewsberry assists),False,,,
401820635,Stanford Cardinal,Notre Dame Fighting Irish,Chisom Okpara makes 25-foot three point jumper (Oskar Giltay assists),38,42,2,288,288,Stanford Cardinal,,False,True,True,Chisom Okpara makes 25-foot three point jumper (Oskar Giltay assists),False,,,
401820635,Stanford Cardinal,Notre Dame Fighting Irish,Garrett Sundra makes 25-foot three point jumper (Logan Imes assists),38,45,2,255,255,Notre Dame Fighting Irish,,False,True,True,Garrett Sundra makes 25-foot three point jumper (Logan Imes assists),False,,,
401820635,Stanford Cardinal,Notre Dame Fighting Irish,Ebuka Okorie misses layup,38,45,2,245,245,Stanford Cardinal,,False,False,False,,False,,,
401820635,Stanford Cardinal,Notre Dame Fighting Irish,Carson Towt Defensive Rebound.,38,45,2,242,242,Notre Dame Fighting Irish,rebound,False,False,False,,False,,,
401820635,Stanford Cardinal,Notre Dame Fighting Irish,"Jalen Haralson bad pass
turnover",38,45,2,227,227,Notre Dame Fighting Irish,,False,False,False,,False,,,
401820635,Stanford Cardinal,Notre Dame Fighting Irish,Official TV Timeout,38,45,2,227,227,,tv timeout,False,False,False,,False,,,
401820635,Stanford Cardinal,Notre Dame Fighting Irish,Jeremy Dent-Smith subbing out for Stanford,38,45,2,227,227,Stanford Cardinal,,False,False,False,,False,,,
401820635,Stanford Cardinal,Notre Dame Fighting Irish,Benny Gealer subbing in for Stanford,38,45,2,227,227,Stanford Cardinal,,False,False,False,,False,,,
401820635,Stanford Cardinal,Notre Dame Fighting Irish,Chisom Okpara misses layup,38,45,2,210,210,Stanford Cardinal,,False,False,False,,False,,,
401820635,Stanford Cardinal,Notre Dame Fighting Irish,Oskar Giltay Offensive Rebound.,38,45,2,209,209,Stanford Cardinal,rebound,False,False,False,,False,,,
401820635,Stanford Cardinal,Notre Dame Fighting Irish,Oskar Giltay misses 2-foot hook shot,38,45,2,197,197,Stanford Cardinal,,False,False,False,,False,,,
401820635,Stanford Cardinal,Notre Dame Fighting Irish,Jalen Haralson Defensive Rebound.,38,45,2,194,194,Notre Dame Fighting Irish,rebound,False,False,False,,False,,,
401820635,Stanford Cardinal,Notre Dame Fighting Irish,Jalen Haralson traveling turnover,38,45,2,181,181,Notre Dame Fighting Irish,,False,False,False,,False,,,
401820635,Stanford Cardinal,Notre Dame Fighting Irish,Ebuka Okorie misses 24-foot three point jumper,38,45,2,166,166,Stanford Cardinal,,False,False,True,,False,,,
401820635,Stanford Cardinal,Notre Dame Fighting Irish,Oskar Giltay Offensive Rebound.,38,45,2,163,163,Stanford Cardinal,rebound,False,False,False,,False,,,
401820635,Stanford Cardinal,Notre Dame Fighting Irish,Foul on Carson Towt.,38,45,2,163,163,Notre Dame Fighting Irish,foul,False,False,False,,False,,,
401820635,Stanford Cardinal,Notre Dame Fighting Irish,Oskar Giltay makes free throw 1 of 2,39,45,2,163,163,Stanford Cardinal,,False,True,False,Oskar Giltay makes free throw 1 of 2,False,,,
401820635,Stanford Cardinal,Notre Dame Fighting Irish,Carson Towt subbing out for Notre Dame,39,45,2,163,163,Notre Dame Fighting Irish,,False,False,False,,False,,,
401820635,Stanford Cardinal,Notre Dame Fighting Irish,Kebba Njie subbing in for Notre Dame,39,45,2,163,163,Notre Dame Fighting Irish,,False,False,False,,False,,,
401820635,Stanford Cardinal,Notre Dame Fighting Irish,Oskar Giltay makes free throw 2 of 2,40,45,2,163,163,Stanford Cardinal,,False,True,False,Oskar Giltay makes free throw 2 of 2,False,,,
401820635,Stanford Cardinal,Notre Dame Fighting Irish,Garrett Sundra subbing out for Notre Dame,40,45,2,163,163,Notre Dame Fighting Irish,,False,False,False,,False,,,
401820635,Stanford Cardinal,Notre Dame Fighting Irish,Cole Certa subbing in for Notre Dame,40,45,2,163,163,Notre Dame Fighting Irish,,False,False,False,,False,,,
401820635,Stanford Cardinal,Notre Dame Fighting Irish,Jalen Haralson out of bounds bad pass turnover,40,45,2,139,139,Notre Dame Fighting Irish,,False,False,False,,False,,,
401820635,Stanford Cardinal,Notre Dame Fighting Irish,Cole Certa subbing out for Notre Dame,40,45,2,139,139,Notre Dame Fighting Irish,,False,False,False,,False,,,
401820635,Stanford Cardinal,Notre Dame Fighting Irish,Garrett Sundra subbing in for Notre Dame,40,45,2,139,139,Notre Dame Fighting Irish,,False,False,False,,False,,,
401820635,Stanford Cardinal,Notre Dame Fighting Irish,Ebuka Okorie misses layup,40,45,2,115,115,Stanford Cardinal,,False,False,False,,False,,,
401820635,Stanford Cardinal,Notre Dame Fighting Irish,Braeden Shrewsberry Defensive Rebound.,40,45,2,112,112,Notre Dame Fighting Irish,rebound,False,False,False,,False,,,
401820635,Stanford Cardinal,Notre Dame Fighting Irish,Jalen Haralson misses 22-foot three point jumper,40,45,2,87,87,Notre Dame Fighting Irish,,False,False,True,,False,,,
401820635,Stanford Cardinal,Notre Dame Fighting Irish,Stanford Defensive Rebound.,40,45,2,86,86,Stanford Cardinal,rebound,False,False,False,,False,,,
401820635,Stanford Cardinal,Notre Dame Fighting Irish,Stanford Timeout,40,45,2,83,83,Stanford Cardinal,timeout,False,False,False,,False,,,
401820635,Stanford Cardinal,Notre Dame Fighting Irish,Donavin Young subbing out for Stanford,40,45,2,83,83,Stanford Cardinal,,False,False,False,,False,,,
401820635,Stanford Cardinal,Notre Dame Fighting Irish,Cameron Grant subbing in for Stanford,40,45,2,83,83,Stanford Cardinal,,False,False,False,,False,,,
401820635,Stanford Cardinal,Notre Dame Fighting Irish,Kebba Njie subbing out for Notre Dame,40,45,2,83,83,Notre Dame Fighting Irish,,False,False,False,,False,,,
401820635,Stanford Cardinal,Notre Dame Fighting Irish,Carson Towt subbing in for Notre Dame,40,45,2,83,83,Notre Dame Fighting Irish,,False,False,False,,False,,,
401820635,Stanford Cardinal,Notre Dame Fighting Irish,Chisom Okpara misses 29-foot three point jumper,40,45,2,72,72,Stanford Cardinal,,False,False,True,,False,,,
401820635,Stanford Cardinal,Notre Dame Fighting Irish,Logan Imes Defensive Rebound.,40,45,2,68,68,Notre Dame Fighting Irish,rebound,False,False,False,,False,,,
401820635,Stanford Cardinal,Notre Dame Fighting Irish,Foul on Ebuka Okorie.,40,45,2,62,62,Stanford Cardinal,foul,False,False,False,,False,,,
401820635,Stanford Cardinal,Notre Dame Fighting Irish,Cameron Grant subbing out for Stanford,40,45,2,62,62,Stanford Cardinal,,False,False,False,,False,,,
401820635,Stanford Cardinal,Notre Dame Fighting Irish,Donavin Young subbing in for Stanford,40,45,2,62,62,Stanford Cardinal,,False,False,False,,False,,,
401820635,Stanford Cardinal,Notre Dame Fighting Irish,Carson Towt subbing out for Notre Dame,40,45,2,62,62,Notre Dame Fighting Irish,,False,False,False,,False,,,
401820635,Stanford Cardinal,Notre Dame Fighting Irish,Cole Certa subbing in for Notre Dame,40,45,2,62,62,Notre Dame Fighting Irish,,False,False,False,,False,,,
401820635,Stanford Cardinal,Notre Dame Fighting Irish,Logan Imes misses 12-foot jumper,40,45,2,40,40,Notre Dame Fighting Irish,,False,False,False,,False,,,
401820635,Stanford Cardinal,Notre Dame Fighting Irish,Donavin Young Defensive Rebound.,40,45,2,37,37,Stanford Cardinal,rebound,False,False,False,,False,,,
401820635,Stanford Cardinal,Notre Dame Fighting Irish,Benny Gealer misses 25-foot three point jumper,40,45,2,26,26,Stanford Cardinal,,False,False,True,,False,,,
401820635,Stanford Cardinal,Notre Dame Fighting Irish,Jalen Haralson Defensive Rebound.,40,45,2,21,21,Notre Dame Fighting Irish,rebound,False,False,False,,False,,,
401820635,Stanford Cardinal,Notre Dame Fighting Irish,Foul on Donavin Young.,40,45,2,19,19,Stanford Cardinal,foul,False,False,False,,False,,,
401820635,Stanford Cardinal,Notre Dame Fighting Irish,Donavin Young subbing out for Stanford,40,45,2,19,19,Stanford Cardinal,,False,False,False,,False,,,
401820635,Stanford Cardinal,Notre Dame Fighting Irish,Oskar Giltay subbing out for Stanford,40,45,2,19,19,Stanford Cardinal,,False,False,False,,False,,,
401820635,Stanford Cardinal,Notre Dame Fighting Irish,Cameron Grant subbing in for Stanford,40,45,2,19,19,Stanford Cardinal,,False,False,False,,False,,,
401820635,Stanford Cardinal,Notre Dame Fighting Irish,Jeremy Dent-Smith subbing in for Stanford,40,45,2,19,19,Stanford Cardinal,,False,False,False,,False,,,
401820635,Stanford Cardinal,Notre Dame Fighting Irish,Cole Certa makes free throw 1 of 2,40,46,2,19,19,Notre Dame Fighting Irish,,False,True,False,Cole Certa makes free throw 1 of 2,False,,,
401820635,Stanford Cardinal,Notre Dame Fighting Irish,Cole Certa makes free throw 2 of 2,40,47,2,19,19,Notre Dame Fighting Irish,,False,True,False,Cole Certa makes free throw 2 of 2,False,,,
401820635,Stanford Cardinal,Notre Dame Fighting Irish,Cole Certa subbing out for Notre Dame,40,47,2,19,19,Notre Dame Fighting Irish,,False,False,False,,False,,,
401820635,Stanford Cardinal,Notre Dame Fighting Irish,Carson Towt subbing in for Notre Dame,40,47,2,19,19,Notre Dame Fighting Irish,,False,False,False,,False,,,
401820635,Stanford Cardinal,Notre Dame Fighting Irish,Chisom Okpara misses 26-foot three point jumper,40,47,2,13,13,Stanford Cardinal,,False,False,True,,False,,,
401820635,Stanford Cardinal,Notre Dame Fighting Irish,Logan Imes Defensive Rebound.,40,47,2,9,9,Notre Dame Fighting Irish,rebound,False,False,False,,False,,,
401820635,Stanford Cardinal,Notre Dame Fighting Irish,Foul on Cameron Grant.,40,47,2,8,8,Stanford Cardinal,foul,False,False,False,,False,,,
401820635,Stanford Cardinal,Notre Dame Fighting Irish,Braeden Shrewsberry misses free throw 1 of 1,40,47,2,8,8,Notre Dame Fighting Irish,,False,False,False,,False,,,
401820635,Stanford Cardinal,Notre Dame Fighting Irish,Cameron Grant Defensive Rebound.,40,47,2,8,8,Stanford Cardinal,rebound,False,False,False,,False,,,
401820635,Stanford Cardinal,Notre Dame Fighting Irish,Ebuka Okorie misses 26-foot three point jumper,40,47,2,3,3,Stanford Cardinal,,False,False,True,,False,,,
401820635,Stanford Cardinal,Notre Dame Fighting Irish,Ebuka Okorie Offensive Rebound.,40,47,2,1,1,Stanford Cardinal,rebound,False,False,False,,False,,,
401820635,Stanford Cardinal,Notre Dame Fighting Irish,End of 2nd half,40,47,2,0,0,,end,False,False,False,,False,,,
401820635,Stanford Cardinal,Notre Dame Fighting Irish,End of Game,40,47,2,0,0,,end,False,False,False,,False,,,
